annotation_id,annotator,created_at,id,lead_time,pos_tag,text,updated_at
1,1,2025-01-25T19:31:24.049898Z,81,1489.129,"[{""start"":0,""end"":15,""text"":""Washing Machine"",""labels"":[""NOUN""]},{""start"":16,""end"":19,""text"":""BJP"",""labels"":[""PROPN""]},{""start"":36,""end"":44,""text"":""Kejriwal"",""labels"":[""PROPN""]},{""start"":54,""end"":58,""text"":""Modi"",""labels"":[""PROPN""]},{""start"":20,""end"":22,""text"":""‡§ï‡•Ä"",""labels"":[""PART""]},{""start"":27,""end"":30,""text"":""‡§ñ‡•Å‡§≤"",""labels"":[""VERB""]},{""start"":45,""end"":47,""text"":""‡§®‡•á"",""labels"":[""PART""]},{""start"":31,""end"":34,""text"":""‡§ó‡§Ø‡•Ä"",""labels"":[""VERB""]},{""start"":48,""end"":53,""text"":""‡§¨‡§§‡§æ‡§Ø‡§æ"",""labels"":[""VERB""]},{""start"":59,""end"":64,""text"":""‡§ï‡•ç‡§Ø‡•ã‡§Ç"",""labels"":[""PRON_WH""]},{""start"":65,""end"":68,""text"":""‡§®‡§π‡•Ä"",""labels"":[""PART_NEG""]},{""start"":69,""end"":72,""text"":""‡§π‡•à‡§Ç"",""labels"":[""VERB""]},{""start"":73,""end"":84,""text"":""Corruption "",""labels"":[""NOUN""]},{""start"":84,""end"":86,""text"":""‡§ï‡•á"",""labels"":[""ADP""]},{""start"":87,""end"":92,""text"":""‡§ñ‡§ø‡§≤‡§æ‡§´"",""labels"":[""ADP""]},{""start"":34,""end"":35,""text"":"","",""labels"":[""X""]},{""start"":92,""end"":93,""text"":""!"",""labels"":[""X""]},{""start"":23,""end"":26,""text"":""‡§™‡•ã‡§≤"",""labels"":[""NOUN""]}]","Washing Machine BJP ‡§ï‡•Ä ‡§™‡•ã‡§≤ ‡§ñ‡•Å‡§≤ ‡§ó‡§Ø‡•Ä, Kejriwal ‡§®‡•á ‡§¨‡§§‡§æ‡§Ø‡§æ Modi ‡§ï‡•ç‡§Ø‡•ã‡§Ç ‡§®‡§π‡•Ä ‡§π‡•à‡§Ç Corruption ‡§ï‡•á ‡§ñ‡§ø‡§≤‡§æ‡§´!",2025-01-25T19:31:24.049911Z
2,1,2025-01-25T19:41:36.878397Z,82,593.854,"[{""start"":0,""end"":4,""text"":""Modi"",""labels"":[""PROPN""]},{""start"":5,""end"":9,""text"":""Govt"",""labels"":[""PROPN""]},{""start"":10,""end"":16,""text"":""‡§¶‡•ç‡§µ‡§æ‡§∞‡§æ"",""labels"":[""ADV""]},{""start"":17,""end"":22,""text"":""Delhi"",""labels"":[""PROPN""]},{""start"":23,""end"":25,""text"":""‡§ï‡§æ"",""labels"":[""PART""]},{""start"":26,""end"":32,""text"":""Budget"",""labels"":[""NOUN""]},{""start"":33,""end"":38,""text"":""‡§∞‡•ã‡§ï‡§®‡•á"",""labels"":[""VERB""]},{""start"":39,""end"":41,""text"":""‡§™‡§∞"",""labels"":[""ADP""]},{""start"":42,""end"":48,""text"":""Vidhan"",""labels"":[""PROPN""]},{""start"":49,""end"":54,""text"":""Sabha"",""labels"":[""PROPN""]},{""start"":55,""end"":58,""text"":""‡§Æ‡•á‡§Ç"",""labels"":[""ADP""]},{""start"":59,""end"":74,""text"":""Arvind Kejriwal"",""labels"":[""PROPN""]},{""start"":75,""end"":77,""text"":""‡§ï‡•Ä"",""labels"":[""PART""]},{""start"":78,""end"":84,""text"":""Latest"",""labels"":[""ADJ""]},{""start"":85,""end"":91,""text"":""Speech"",""labels"":[""NOUN""]},{""start"":92,""end"":93,""text"":""üî•"",""labels"":[""X""]}]",Modi Govt ‡§¶‡•ç‡§µ‡§æ‡§∞‡§æ Delhi ‡§ï‡§æ Budget ‡§∞‡•ã‡§ï‡§®‡•á ‡§™‡§∞ Vidhan Sabha ‡§Æ‡•á‡§Ç Arvind Kejriwal ‡§ï‡•Ä Latest Speech üî•,2025-01-25T19:41:36.878417Z
3,1,2025-01-25T19:43:59.218434Z,83,139.703,"[{""start"":0,""end"":5,""text"":""13000"",""labels"":[""NUM""]},{""start"":6,""end"":10,""text"":""‡§ï‡§∞‡•ã‡•ú"",""labels"":[""NOUN""]},{""start"":11,""end"":13,""text"":""‡§ï‡•á"",""labels"":[""ADV""]},{""start"":14,""end"":23,""text"":""‡§ò‡•ã‡§ü‡§æ‡§≤‡•á‡§¨‡§æ‡•õ"",""labels"":[""NOUN""]},{""start"":24,""end"":30,""text"":""‡§≠‡§ó‡•ã‡§°‡§º‡•á"",""labels"":[""NOUN""]},{""start"":31,""end"":43,""text"":""Mehul Choksi"",""labels"":[""PROPN""]},{""start"":44,""end"":46,""text"":""‡§ï‡•ã"",""labels"":[""ADP""]},{""start"":47,""end"":51,""text"":""‡§Æ‡§ø‡§≤ "",""labels"":[""VERB""]},{""start"":51,""end"":54,""text"":""‡§∞‡§π‡•Ä"",""labels"":[""VERB""]},{""start"":55,""end"":59,""text"":""Modi"",""labels"":[""PROPN""]},{""start"":60,""end"":64,""text"":""Govt"",""labels"":[""PROPN""]},{""start"":65,""end"":67,""text"":""‡§ï‡•Ä"",""labels"":[""PART""]},{""start"":68,""end"":71,""text"":""‡§Æ‡§¶‡§¶"",""labels"":[""NOUN""]},{""start"":72,""end"":74,""text"":""‡§ï‡§æ"",""labels"":[""PART""]},{""start"":75,""end"":83,""text"":""‡§™‡§∞‡•ç‡§¶‡§æ‡§´‡§æ‡§∂"",""labels"":[""NOUN""]},{""start"":83,""end"":84,""text"":""!"",""labels"":[""X""]},{""start"":85,""end"":86,""text"":""|"",""labels"":[""X""]},{""start"":87,""end"":100,""text"":""Raghav Chadha"",""labels"":[""PROPN""]}]",13000 ‡§ï‡§∞‡•ã‡•ú ‡§ï‡•á ‡§ò‡•ã‡§ü‡§æ‡§≤‡•á‡§¨‡§æ‡•õ ‡§≠‡§ó‡•ã‡§°‡§º‡•á Mehul Choksi ‡§ï‡•ã ‡§Æ‡§ø‡§≤ ‡§∞‡§π‡•Ä Modi Govt ‡§ï‡•Ä ‡§Æ‡§¶‡§¶ ‡§ï‡§æ ‡§™‡§∞‡•ç‡§¶‡§æ‡§´‡§æ‡§∂! | Raghav Chadha,2025-01-25T19:43:59.218454Z
4,1,2025-01-25T19:50:20.572692Z,84,376.335,"[{""start"":0,""end"":2,""text"":""CM"",""labels"":[""PROPN""]},{""start"":3,""end"":18,""text"":""Arvind Kejriwal"",""labels"":[""PROPN""]},{""start"":19,""end"":22,""text"":""‡§®‡•á "",""labels"":[""PART""]},{""start"":22,""end"":26,""text"":""Mann"",""labels"":[""PROPN""]},{""start"":27,""end"":31,""text"":""Govt"",""labels"":[""NOUN""]},{""start"":32,""end"":34,""text"":""‡§î‡§∞"",""labels"":[""CONJ""]},{""start"":35,""end"":48,""text"":""Punjab Police"",""labels"":[""PROPN""]},{""start"":49,""end"":51,""text"":""‡§ï‡•á"",""labels"":[""ADP""]},{""start"":52,""end"":59,""text"":""Special"",""labels"":[""ADJ""]},{""start"":60,""end"":69,""text"":""Operation"",""labels"":[""NOUN""]},{""start"":70,""end"":72,""text"":""‡§™‡§∞"",""labels"":[""ADP""]},{""start"":73,""end"":76,""text"":""‡§ï‡§π‡•Ä"",""labels"":[""VERB""]},{""start"":77,""end"":80,""text"":""‡§¨‡•ú‡•Ä"",""labels"":[""ADJ""]},{""start"":81,""end"":84,""text"":""‡§¨‡§æ‡§§"",""labels"":[""NOUN""]},{""start"":84,""end"":85,""text"":""!"",""labels"":[""X""]}]",CM Arvind Kejriwal ‡§®‡•á Mann Govt ‡§î‡§∞ Punjab Police ‡§ï‡•á Special Operation ‡§™‡§∞ ‡§ï‡§π‡•Ä ‡§¨‡•ú‡•Ä ‡§¨‡§æ‡§§!,2025-01-25T19:50:20.572705Z
5,1,2025-01-25T19:53:13.691748Z,85,171.661,"[{""start"":0,""end"":6,""text"":""Punjab"",""labels"":[""PROPN""]},{""start"":7,""end"":10,""text"":""‡§Æ‡•á‡§Ç"",""labels"":[""ADP""]},{""start"":11,""end"":18,""text"":""Extreme"",""labels"":[""ADJ""]},{""start"":19,""end"":27,""text"":""Elements"",""labels"":[""NOUN""]},{""start"":28,""end"":30,""text"":""‡§™‡§∞"",""labels"":[""ADP""]},{""start"":31,""end"":44,""text"":""Punjab Police"",""labels"":[""PROPN""]},{""start"":45,""end"":47,""text"":""‡§ï‡•Ä"",""labels"":[""PART""]},{""start"":48,""end"":56,""text"":""‡§ï‡§æ‡§∞‡•ç‡§∞‡§µ‡§æ‡§à"",""labels"":[""NOUN""]},{""start"":57,""end"":59,""text"":""‡§™‡§∞"",""labels"":[""ADP""]},{""start"":60,""end"":64,""text"":""‡§¨‡•ã‡§≤‡•á"",""labels"":[""VERB""]},{""start"":65,""end"":67,""text"":""CM"",""labels"":[""PROPN""]},{""start"":68,""end"":81,""text"":""Bhagwant Mann"",""labels"":[""PROPN""]},{""start"":82,""end"":83,""text"":""|"",""labels"":[""X""]},{""start"":84,""end"":98,""text"":""Amritpal Singh"",""labels"":[""PROPN""]}]",Punjab ‡§Æ‡•á‡§Ç Extreme Elements ‡§™‡§∞ Punjab Police ‡§ï‡•Ä ‡§ï‡§æ‡§∞‡•ç‡§∞‡§µ‡§æ‡§à ‡§™‡§∞ ‡§¨‡•ã‡§≤‡•á CM Bhagwant Mann | Amritpal Singh,2025-01-25T19:53:13.691761Z
6,1,2025-01-25T19:57:05.817069Z,86,163.004,"[{""start"":0,""end"":14,""text"":""Kailash Gahlot"",""labels"":[""PROPN""]},{""start"":15,""end"":17,""text"":""‡§®‡•á"",""labels"":[""PART""]},{""start"":18,""end"":24,""text"":""Budget"",""labels"":[""NOUN""]},{""start"":25,""end"":27,""text"":""‡§®‡§æ"",""labels"":[""PART_NEG""]},{""start"":28,""end"":31,""text"":""‡§™‡•á‡§∂"",""labels"":[""VERB""]},{""start"":32,""end"":36,""text"":""‡§π‡•ã‡§®‡•á"",""labels"":[""VERB""]},{""start"":37,""end"":41,""text"":""‡§¶‡•á‡§®‡•á"",""labels"":[""VERB""]},{""start"":42,""end"":44,""text"":""‡§™‡§∞"",""labels"":[""ADV""]},{""start"":45,""end"":48,""text"":""BJP"",""labels"":[""PROPN""]},{""start"":49,""end"":51,""text"":""‡§î‡§∞"",""labels"":[""CONJ""]},{""start"":52,""end"":56,""text"":""Modi"",""labels"":[""PROPN""]},{""start"":57,""end"":61,""text"":""Govt"",""labels"":[""PROPN""]},{""start"":62,""end"":64,""text"":""‡§ï‡•ã"",""labels"":[""ADP""]},{""start"":65,""end"":67,""text"":""‡§ï‡§∞"",""labels"":[""VERB""]},{""start"":68,""end"":72,""text"":""‡§¶‡§ø‡§Ø‡§æ"",""labels"":[""VERB""]},{""start"":73,""end"":79,""text"":""EXPSOE"",""labels"":[""X""]},{""start"":79,""end"":80,""text"":""!"",""labels"":[""X""]}]",Kailash Gahlot ‡§®‡•á Budget ‡§®‡§æ ‡§™‡•á‡§∂ ‡§π‡•ã‡§®‡•á ‡§¶‡•á‡§®‡•á ‡§™‡§∞ BJP ‡§î‡§∞ Modi Govt ‡§ï‡•ã ‡§ï‡§∞ ‡§¶‡§ø‡§Ø‡§æ EXPSOE!,2025-01-25T19:57:05.817088Z
7,1,2025-01-25T20:12:41.596629Z,87,933.036,"[{""start"":0,""end"":4,""text"":""Modi"",""labels"":[""PROPN""]},{""start"":5,""end"":9,""text"":""Govt"",""labels"":[""PROPN""]},{""start"":10,""end"":12,""text"":""‡§®‡•á"",""labels"":[""PART""]},{""start"":13,""end"":18,""text"":""Delhi"",""labels"":[""PROPN""]},{""start"":19,""end"":21,""text"":""‡§ï‡•á"",""labels"":[""ADP""]},{""start"":22,""end"":28,""text"":""Budget"",""labels"":[""NOUN""]},{""start"":29,""end"":31,""text"":""‡§™‡§∞"",""labels"":[""ADP""]},{""start"":32,""end"":36,""text"":""‡§≤‡§ó‡§æ‡§à"",""labels"":[""VERB""]},{""start"":37,""end"":40,""text"":""‡§∞‡•ã‡§ï"",""labels"":[""NOUN""]},{""start"":40,""end"":41,""text"":"","",""labels"":[""X""]},{""start"":42,""end"":59,""text"":""Saurabh Bharadwaj"",""labels"":[""PROPN""]},{""start"":60,""end"":63,""text"":""‡§ñ‡•ã‡§≤"",""labels"":[""VERB""]},{""start"":64,""end"":66,""text"":""‡§¶‡•Ä"",""labels"":[""VERB""]},{""start"":67,""end"":71,""text"":""‡§∏‡§æ‡§∞‡•Ä"",""labels"":[""ADJ""]},{""start"":72,""end"":75,""text"":""‡§™‡•ã‡§≤"",""labels"":[""NOUN""]},{""start"":75,""end"":76,""text"":""!"",""labels"":[""X""]}]","Modi Govt ‡§®‡•á Delhi ‡§ï‡•á Budget ‡§™‡§∞ ‡§≤‡§ó‡§æ‡§à ‡§∞‡•ã‡§ï, Saurabh Bharadwaj ‡§ñ‡•ã‡§≤ ‡§¶‡•Ä ‡§∏‡§æ‡§∞‡•Ä ‡§™‡•ã‡§≤!",2025-01-25T20:12:41.596645Z
8,1,2025-01-25T20:18:15.046092Z,88,331.57,"[{""start"":0,""end"":8,""text"":""Katewara"",""labels"":[""PROPN""]},{""start"":9,""end"":13,""text"":""‡§ó‡§æ‡§Ç‡§µ"",""labels"":[""NOUN""]},{""start"":14,""end"":16,""text"":""‡§ï‡•á"",""labels"":[""ADP""]},{""start"":17,""end"":22,""text"":""‡§®‡§æ‡§∞‡§æ‡•õ"",""labels"":[""ADJ""]},{""start"":23,""end"":28,""text"":""‡§≤‡•ã‡§ó‡•ã‡§Ç"",""labels"":[""NOUN""]},{""start"":29,""end"":31,""text"":""‡§ï‡•ã"",""labels"":[""ADP""]},{""start"":32,""end"":36,""text"":""‡§¨‡•á‡§ü‡•á"",""labels"":[""PART""]},{""start"":37,""end"":39,""text"":""‡§ï‡•Ä"",""labels"":[""PART""]},{""start"":40,""end"":43,""text"":""‡§§‡§∞‡§π"",""labels"":[""NOUN""]},{""start"":44,""end"":49,""text"":""‡§Æ‡§®‡§æ‡§®‡•á"",""labels"":[""VERB""]},{""start"":50,""end"":56,""text"":""‡§™‡§π‡•Å‡§Ç‡§ö‡•á"",""labels"":[""VERB""]},{""start"":57,""end"":72,""text"":""Arvind Kejriwal"",""labels"":[""PROPN""]},{""start"":73,""end"":74,""text"":""|"",""labels"":[""X""]},{""start"":75,""end"":76,""text"":""#"",""labels"":[""X""]},{""start"":76,""end"":81,""text"":""delhi"",""labels"":[""PROPN""]},{""start"":82,""end"":83,""text"":""#"",""labels"":[""X""]},{""start"":83,""end"":89,""text"":""shorts"",""labels"":[""NOUN""]},{""start"":90,""end"":91,""text"":""#"",""labels"":[""X""]},{""start"":91,""end"":97,""text"":""status"",""labels"":[""NOUN""]}]",Katewara ‡§ó‡§æ‡§Ç‡§µ ‡§ï‡•á ‡§®‡§æ‡§∞‡§æ‡•õ ‡§≤‡•ã‡§ó‡•ã‡§Ç ‡§ï‡•ã ‡§¨‡•á‡§ü‡•á ‡§ï‡•Ä ‡§§‡§∞‡§π ‡§Æ‡§®‡§æ‡§®‡•á ‡§™‡§π‡•Å‡§Ç‡§ö‡•á Arvind Kejriwal | #delhi #shorts #status,2025-01-25T20:18:15.046105Z
9,1,2025-01-25T20:42:34.677236Z,89,1456.916,"[{""start"":0,""end"":4,""text"":""LIVE"",""labels"":[""NOUN""]},{""start"":5,""end"":6,""text"":""|"",""labels"":[""X""]},{""start"":7,""end"":20,""text"":""News 18 India"",""labels"":[""PROPN""]},{""start"":21,""end"":28,""text"":""Chaupal"",""labels"":[""PROPN""]},{""start"":29,""end"":31,""text"":""‡§™‡§∞"",""labels"":[""ADP""]},{""start"":32,""end"":34,""text"":""CM"",""labels"":[""PROPN""]},{""start"":35,""end"":50,""text"":""Arvind Kejriwal"",""labels"":[""PROPN""]},{""start"":51,""end"":53,""text"":""‡§ï‡§æ"",""labels"":[""PART""]},{""start"":54,""end"":63,""text"":""EXCLUSIVE"",""labels"":[""ADJ""]},{""start"":64,""end"":70,""text"":""LATEST"",""labels"":[""ADJ""]},{""start"":71,""end"":80,""text"":""INTERVIEW"",""labels"":[""NOUN""]},{""start"":81,""end"":82,""text"":""|"",""labels"":[""X""]},{""start"":83,""end"":98,""text"":""Aam Aadmi Party"",""labels"":[""PROPN""]}]",LIVE | News 18 India Chaupal ‡§™‡§∞ CM Arvind Kejriwal ‡§ï‡§æ EXCLUSIVE LATEST INTERVIEW | Aam Aadmi Party,2025-01-25T20:42:34.677249Z
10,1,2025-01-25T20:44:06.164236Z,90,90.253,"[{""start"":0,""end"":9,""text"":""New Delhi"",""labels"":[""PROPN""]},{""start"":10,""end"":14,""text"":""Govt"",""labels"":[""PROPN""]},{""start"":15,""end"":21,""text"":""School"",""labels"":[""NOUN""]},{""start"":22,""end"":23,""text"":""üî•"",""labels"":[""X""]},{""start"":24,""end"":26,""text"":""CM"",""labels"":[""PROPN""]},{""start"":27,""end"":35,""text"":""Kejriwal"",""labels"":[""PROPN""]},{""start"":36,""end"":38,""text"":""‡§®‡•á"",""labels"":[""PART""]},{""start"":39,""end"":45,""text"":""Rohini"",""labels"":[""PROPN""]},{""start"":46,""end"":49,""text"":""‡§Æ‡•á‡§Ç"",""labels"":[""ADP""]},{""start"":50,""end"":56,""text"":""Launch"",""labels"":[""NOUN""]},{""start"":57,""end"":61,""text"":""‡§ï‡§ø‡§Ø‡§æ"",""labels"":[""VERB""]},{""start"":62,""end"":94,""text"":""School of Specialized Excellence"",""labels"":[""PROPN""]},{""start"":95,""end"":96,""text"":""|"",""labels"":[""X""]},{""start"":97,""end"":100,""text"":""AAP"",""labels"":[""PROPN""]}]",New Delhi Govt School üî• CM Kejriwal ‡§®‡•á Rohini ‡§Æ‡•á‡§Ç Launch ‡§ï‡§ø‡§Ø‡§æ School of Specialized Excellence | AAP,2025-01-25T20:44:06.164247Z
11,1,2025-01-25T20:45:58.961062Z,91,111.784,"[{""start"":0,""end"":2,""text"":""CM"",""labels"":[""PROPN""]},{""start"":3,""end"":18,""text"":""Arvind Kejriwal"",""labels"":[""PROPN""]},{""start"":19,""end"":21,""text"":""‡§®‡•á"",""labels"":[""PART""]},{""start"":22,""end"":28,""text"":""Rohini"",""labels"":[""PROPN""]},{""start"":29,""end"":32,""text"":""‡§Æ‡•á‡§Ç"",""labels"":[""ADP""]},{""start"":33,""end"":39,""text"":""Launch"",""labels"":[""NOUN""]},{""start"":40,""end"":44,""text"":""‡§ï‡§ø‡§Ø‡§æ"",""labels"":[""VERB""]},{""start"":45,""end"":77,""text"":""School of Specialized Excellence"",""labels"":[""PROPN""]},{""start"":78,""end"":79,""text"":""|"",""labels"":[""X""]},{""start"":80,""end"":85,""text"":""Delhi"",""labels"":[""PROPN""]},{""start"":86,""end"":90,""text"":""Govt"",""labels"":[""PROPN""]},{""start"":91,""end"":97,""text"":""School"",""labels"":[""NOUN""]}]",CM Arvind Kejriwal ‡§®‡•á Rohini ‡§Æ‡•á‡§Ç Launch ‡§ï‡§ø‡§Ø‡§æ School of Specialized Excellence | Delhi Govt School,2025-01-25T20:45:58.961075Z
12,1,2025-01-25T20:47:51.736678Z,92,111.978,"[{""start"":0,""end"":14,""text"":""Manish Sisodia"",""labels"":[""PROPN""]},{""start"":15,""end"":17,""text"":""‡§™‡§∞"",""labels"":[""ADP""]},{""start"":18,""end"":22,""text"":""‡§ù‡•Ç‡§†‡•á"",""labels"":[""ADJ""]},{""start"":23,""end"":29,""text"":""‡§ú‡§æ‡§∏‡•Ç‡§∏‡•Ä"",""labels"":[""NOUN""]},{""start"":30,""end"":34,""text"":""Case"",""labels"":[""NOUN""]},{""start"":35,""end"":37,""text"":""‡§™‡§∞"",""labels"":[""ADP""]},{""start"":38,""end"":51,""text"":""Raghav Chadha"",""labels"":[""PROPN""]},{""start"":52,""end"":54,""text"":""‡§®‡•á"",""labels"":[""PART""]},{""start"":55,""end"":59,""text"":""‡§¨‡§ú‡§æ‡§à"",""labels"":[""VERB""]},{""start"":60,""end"":63,""text"":""BJP"",""labels"":[""PROPN""]},{""start"":64,""end"":66,""text"":""‡§î‡§∞"",""labels"":[""CONJ""]},{""start"":67,""end"":71,""text"":""Modi"",""labels"":[""PROPN""]},{""start"":72,""end"":74,""text"":""‡§ï‡•Ä"",""labels"":[""PART""]},{""start"":75,""end"":79,""text"":""‡§¨‡•à‡§Ç‡§°"",""labels"":[""NOUN""]},{""start"":80,""end"":83,""text"":""‡§¨‡§ú‡§æ"",""labels"":[""VERB""]},{""start"":84,""end"":86,""text"":""‡§¶‡•Ä"",""labels"":[""VERB""]},{""start"":86,""end"":89,""text"":"" | "",""labels"":[""X""]},{""start"":89,""end"":92,""text"":""AAP"",""labels"":[""PROPN""]}]",Manish Sisodia ‡§™‡§∞ ‡§ù‡•Ç‡§†‡•á ‡§ú‡§æ‡§∏‡•Ç‡§∏‡•Ä Case ‡§™‡§∞ Raghav Chadha ‡§®‡•á ‡§¨‡§ú‡§æ‡§à BJP ‡§î‡§∞ Modi ‡§ï‡•Ä ‡§¨‡•à‡§Ç‡§° ‡§¨‡§ú‡§æ ‡§¶‡•Ä | AAP,2025-01-25T20:47:51.736694Z
13,1,2025-01-25T20:53:09.562738Z,93,313.315,"[{""start"":0,""end"":14,""text"":""Manish Sisodia"",""labels"":[""PROPN""]},{""start"":15,""end"":17,""text"":""‡§ï‡•á"",""labels"":[""ADP""]},{""start"":18,""end"":24,""text"":""Arrest"",""labels"":[""NOUN""]},{""start"":25,""end"":27,""text"":""‡§™‡§∞"",""labels"":[""ADP""]},{""start"":28,""end"":41,""text"":""Raghav Chadha"",""labels"":[""PROPN""]},{""start"":42,""end"":44,""text"":""‡§®‡•á"",""labels"":[""PART""]},{""start"":45,""end"":50,""text"":""‡§ï‡•ç‡§Ø‡•ã‡§Ç"",""labels"":[""PRON_WH""]},{""start"":51,""end"":54,""text"":""‡§ï‡§π‡§æ"",""labels"":[""VERB""]},{""start"":55,""end"":56,""text"":""\"""",""labels"":[""X""]},{""start"":56,""end"":60,""text"":""‡§¨‡§¶‡§≤‡•á"",""labels"":[""NOUN""]},{""start"":61,""end"":63,""text"":""‡§ï‡•Ä"",""labels"":[""PART""]},{""start"":64,""end"":68,""text"":""‡§®‡§π‡•Ä‡§Ç"",""labels"":[""PART_NEG""]},{""start"":69,""end"":74,""text"":""‡§¨‡§¶‡§≤‡§æ‡§µ"",""labels"":[""NOUN""]},{""start"":75,""end"":77,""text"":""‡§ï‡•Ä"",""labels"":[""PART""]},{""start"":78,""end"":85,""text"":""‡§∞‡§æ‡§ú‡§®‡•Ä‡§§‡§ø"",""labels"":[""NOUN""]},{""start"":86,""end"":89,""text"":""‡§ï‡§∞‡•ã"",""labels"":[""VERB""]},{""start"":89,""end"":90,""text"":""\"""",""labels"":[""X""]},{""start"":91,""end"":92,""text"":""#"",""labels"":[""X""]},{""start"":92,""end"":98,""text"":""shorts"",""labels"":[""NOUN""]}]","Manish Sisodia ‡§ï‡•á Arrest ‡§™‡§∞ Raghav Chadha ‡§®‡•á ‡§ï‡•ç‡§Ø‡•ã‡§Ç ‡§ï‡§π‡§æ ""‡§¨‡§¶‡§≤‡•á ‡§ï‡•Ä ‡§®‡§π‡•Ä‡§Ç ‡§¨‡§¶‡§≤‡§æ‡§µ ‡§ï‡•Ä ‡§∞‡§æ‡§ú‡§®‡•Ä‡§§‡§ø ‡§ï‡§∞‡•ã"" #shorts",2025-01-25T20:53:09.562753Z
14,1,2025-01-25T20:55:25.776838Z,94,134.124,"[{""start"":0,""end"":5,""text"":""Delhi"",""labels"":[""PROPN""]},{""start"":6,""end"":9,""text"":""‡§Æ‡•á‡§Ç"",""labels"":[""ADP""]},{""start"":10,""end"":15,""text"":""‡§ï‡§æ‡§Æ‡•ã‡§Ç"",""labels"":[""NOUN""]},{""start"":16,""end"":18,""text"":""‡§ï‡•Ä"",""labels"":[""PART""]},{""start"":19,""end"":21,""text"":""LG"",""labels"":[""PROPN""]},{""start"":22,""end"":31,""text"":""VK Saxena"",""labels"":[""PROPN""]},{""start"":32,""end"":34,""text"":""‡§®‡•á"",""labels"":[""PART""]},{""start"":35,""end"":37,""text"":""‡§≠‡•Ä"",""labels"":[""ADV""]},{""start"":38,""end"":40,""text"":""‡§ï‡•Ä"",""labels"":[""VERB""]},{""start"":41,""end"":45,""text"":""‡§ú‡§Æ‡§ï‡§∞"",""labels"":[""ADV""]},{""start"":46,""end"":51,""text"":""‡§§‡§æ‡§∞‡•Ä‡§´"",""labels"":[""NOUN""]},{""start"":51,""end"":52,""text"":"","",""labels"":[""X""]},{""start"":53,""end"":58,""text"":""‡§∏‡•Å‡§®‡§ø‡§è"",""labels"":[""VERB""]},{""start"":59,""end"":61,""text"":""CM"",""labels"":[""PROPN""]},{""start"":62,""end"":70,""text"":""Kejriwal"",""labels"":[""PROPN""]},{""start"":71,""end"":73,""text"":""‡§®‡•á"",""labels"":[""PART""]},{""start"":74,""end"":76,""text"":""LG"",""labels"":[""PROPN""]},{""start"":77,""end"":79,""text"":""‡§™‡§∞"",""labels"":[""ADP""]},{""start"":80,""end"":84,""text"":""‡§ï‡•ç‡§Ø‡§æ"",""labels"":[""PRON_WH""]},{""start"":85,""end"":88,""text"":""‡§ï‡§π‡§æ"",""labels"":[""VERB""]},{""start"":88,""end"":89,""text"":""?"",""labels"":[""X""]}]","Delhi ‡§Æ‡•á‡§Ç ‡§ï‡§æ‡§Æ‡•ã‡§Ç ‡§ï‡•Ä LG VK Saxena ‡§®‡•á ‡§≠‡•Ä ‡§ï‡•Ä ‡§ú‡§Æ‡§ï‡§∞ ‡§§‡§æ‡§∞‡•Ä‡§´, ‡§∏‡•Å‡§®‡§ø‡§è CM Kejriwal ‡§®‡•á LG ‡§™‡§∞ ‡§ï‡•ç‡§Ø‡§æ ‡§ï‡§π‡§æ?",2025-01-25T20:55:25.776852Z
15,1,2025-01-25T20:57:16.039047Z,95,107.302,"[{""start"":0,""end"":14,""text"":""Manish Sisodia"",""labels"":[""PROPN""]},{""start"":15,""end"":17,""text"":""‡§ï‡•Ä"",""labels"":[""PART""]},{""start"":18,""end"":24,""text"":""‡§∞‡§ø‡§Æ‡§æ‡§Ç‡§°"",""labels"":[""NOUN""]},{""start"":25,""end"":27,""text"":""‡§™‡§∞"",""labels"":[""ADP""]},{""start"":28,""end"":40,""text"":""Sanjay Singh"",""labels"":[""PROPN""]},{""start"":41,""end"":43,""text"":""‡§®‡•á"",""labels"":[""PART""]},{""start"":44,""end"":48,""text"":""Modi"",""labels"":[""PROPN""]},{""start"":49,""end"":51,""text"":""‡§ï‡•Ä"",""labels"":[""PART""]},{""start"":52,""end"":55,""text"":""CBI"",""labels"":[""PROPN""]},{""start"":56,""end"":58,""text"":""ED"",""labels"":[""PROPN""]},{""start"":59,""end"":61,""text"":""‡§ï‡•ã"",""labels"":[""ADP""]},{""start"":62,""end"":66,""text"":""‡§ï‡§ø‡§Ø‡§æ"",""labels"":[""VERB""]},{""start"":67,""end"":73,""text"":""EXPOSE"",""labels"":[""VERB""]},{""start"":73,""end"":76,""text"":"" | "",""labels"":[""X""]},{""start"":76,""end"":79,""text"":""AAP"",""labels"":[""PROPN""]},{""start"":80,""end"":82,""text"":""vs"",""labels"":[""X""]},{""start"":83,""end"":86,""text"":""BJP"",""labels"":[""PROPN""]}]",Manish Sisodia ‡§ï‡•Ä ‡§∞‡§ø‡§Æ‡§æ‡§Ç‡§° ‡§™‡§∞ Sanjay Singh ‡§®‡•á Modi ‡§ï‡•Ä CBI ED ‡§ï‡•ã ‡§ï‡§ø‡§Ø‡§æ EXPOSE | AAP vs BJP,2025-01-25T20:57:16.039063Z
16,1,2025-01-25T20:58:38.226617Z,96,77.584,"[{""start"":0,""end"":14,""text"":""Manish Sisodia"",""labels"":[""PROPN""]},{""start"":15,""end"":17,""text"":""‡§ï‡•Ä"",""labels"":[""PART""]},{""start"":18,""end"":27,""text"":""‡§ó‡§ø‡§∞‡•û‡•ç‡§§‡§æ‡§∞‡•Ä"",""labels"":[""NOUN""]},{""start"":28,""end"":30,""text"":""‡§™‡§∞"",""labels"":[""ADP""]},{""start"":31,""end"":44,""text"":""Raghav Chadha"",""labels"":[""PROPN""]},{""start"":45,""end"":47,""text"":""‡§®‡•á"",""labels"":[""PART""]},{""start"":48,""end"":52,""text"":""‡§ï‡§ø‡§Ø‡§æ"",""labels"":[""VERB""]},{""start"":53,""end"":60,""text"":""‡§ö‡•å‡§Ç‡§ï‡§æ‡§®‡•á"",""labels"":[""VERB""]},{""start"":61,""end"":65,""text"":""‡§µ‡§æ‡§≤‡§æ"",""labels"":[""PART""]},{""start"":66,""end"":72,""text"":""‡§ñ‡•Å‡§≤‡§æ‡§∏‡§æ"",""labels"":[""NOUN""]},{""start"":73,""end"":74,""text"":""|"",""labels"":[""X""]},{""start"":75,""end"":78,""text"":""AAP"",""labels"":[""PROPN""]},{""start"":79,""end"":81,""text"":""Vs"",""labels"":[""X""]},{""start"":82,""end"":85,""text"":""BJP"",""labels"":[""PROPN""]}]",Manish Sisodia ‡§ï‡•Ä ‡§ó‡§ø‡§∞‡•û‡•ç‡§§‡§æ‡§∞‡•Ä ‡§™‡§∞ Raghav Chadha ‡§®‡•á ‡§ï‡§ø‡§Ø‡§æ ‡§ö‡•å‡§Ç‡§ï‡§æ‡§®‡•á ‡§µ‡§æ‡§≤‡§æ ‡§ñ‡•Å‡§≤‡§æ‡§∏‡§æ | AAP Vs BJP,2025-01-25T20:58:38.226629Z
17,1,2025-01-25T21:00:51.975598Z,97,132.192,"[{""start"":0,""end"":8,""text"":""Bhalaswa"",""labels"":[""PROPN""]},{""start"":9,""end"":22,""text"":""Landfill Site"",""labels"":[""PROPN""]},{""start"":23,""end"":25,""text"":""‡§ï‡§æ"",""labels"":[""PART""]},{""start"":26,""end"":30,""text"":""‡§¶‡•å‡§∞‡§æ"",""labels"":[""NOUN""]},{""start"":31,""end"":35,""text"":""‡§ï‡§∞‡§®‡•á"",""labels"":[""VERB""]},{""start"":36,""end"":38,""text"":""‡§ï‡•á"",""labels"":[""ADP""]},{""start"":39,""end"":42,""text"":""‡§¨‡§æ‡§¶"",""labels"":[""NOUN""]},{""start"":43,""end"":45,""text"":""CM"",""labels"":[""PROPN""]},{""start"":46,""end"":54,""text"":""Kejriwal"",""labels"":[""PROPN""]},{""start"":55,""end"":57,""text"":""‡§®‡•á"",""labels"":[""PART""]},{""start"":58,""end"":62,""text"":""‡§ï‡•ç‡§Ø‡§æ"",""labels"":[""PRON_WH""]},{""start"":63,""end"":66,""text"":""‡§ï‡§π‡§æ"",""labels"":[""VERB""]},{""start"":66,""end"":67,""text"":""?"",""labels"":[""X""]},{""start"":68,""end"":69,""text"":""#"",""labels"":[""X""]},{""start"":75,""end"":76,""text"":""#"",""labels"":[""X""]},{""start"":76,""end"":89,""text"":""aamaadmiparty"",""labels"":[""PROPN""]},{""start"":90,""end"":91,""text"":""#"",""labels"":[""X""]},{""start"":91,""end"":97,""text"":""shorts"",""labels"":[""NOUN""]}]",Bhalaswa Landfill Site ‡§ï‡§æ ‡§¶‡•å‡§∞‡§æ ‡§ï‡§∞‡§®‡•á ‡§ï‡•á ‡§¨‡§æ‡§¶ CM Kejriwal ‡§®‡•á ‡§ï‡•ç‡§Ø‡§æ ‡§ï‡§π‡§æ? #delhi #aamaadmiparty #shorts,2025-01-25T21:00:51.975616Z
18,1,2025-01-25T21:03:13.171853Z,98,139.265,"[{""start"":0,""end"":12,""text"":""Sanjay Singh"",""labels"":[""PROPN""]},{""start"":13,""end"":15,""text"":""‡§®‡•á"",""labels"":[""PART""]},{""start"":16,""end"":21,""text"":""Delhi"",""labels"":[""PROPN""]},{""start"":22,""end"":24,""text"":""‡§ï‡•á"",""labels"":[""ADP""]},{""start"":25,""end"":27,""text"":""LG"",""labels"":[""PROPN""]},{""start"":28,""end"":46,""text"":""Vinai Kumar Saxena"",""labels"":[""PROPN""]},{""start"":47,""end"":49,""text"":""‡§ï‡§æ"",""labels"":[""PART""]},{""start"":50,""end"":54,""text"":""‡§Ö‡§∏‡§≤‡•Ä"",""labels"":[""ADJ""]},{""start"":55,""end"":60,""text"":""‡§ö‡•á‡§π‡§∞‡§æ"",""labels"":[""NOUN""]},{""start"":61,""end"":63,""text"":""‡§ï‡§∞"",""labels"":[""VERB""]},{""start"":64,""end"":68,""text"":""‡§¶‡§ø‡§Ø‡§æ"",""labels"":[""VERB""]},{""start"":69,""end"":75,""text"":""EXPOSE"",""labels"":[""VERB""]},{""start"":76,""end"":77,""text"":""|"",""labels"":[""X""]},{""start"":78,""end"":82,""text"":""Modi"",""labels"":[""PROPN""]},{""start"":83,""end"":85,""text"":""| "",""labels"":[""X""]},{""start"":85,""end"":88,""text"":""BJP"",""labels"":[""PROPN""]}]",Sanjay Singh ‡§®‡•á Delhi ‡§ï‡•á LG Vinai Kumar Saxena ‡§ï‡§æ ‡§Ö‡§∏‡§≤‡•Ä ‡§ö‡•á‡§π‡§∞‡§æ ‡§ï‡§∞ ‡§¶‡§ø‡§Ø‡§æ EXPOSE | Modi | BJP,2025-01-25T21:03:13.171866Z
19,1,2025-01-25T21:04:32.446064Z,99,77.396,"[{""start"":0,""end"":8,""text"":""Bhalaswa"",""labels"":[""PROPN""]},{""start"":9,""end"":22,""text"":""Landfill site"",""labels"":[""PROPN""]},{""start"":23,""end"":25,""text"":""‡§™‡§∞"",""labels"":[""ADP""]},{""start"":26,""end"":32,""text"":""‡§™‡§π‡•Å‡§Ç‡§ö‡•á"",""labels"":[""VERB""]},{""start"":33,""end"":35,""text"":""CM"",""labels"":[""PROPN""]},{""start"":36,""end"":51,""text"":""Arvind Kejriwal"",""labels"":[""PROPN""]},{""start"":51,""end"":53,""text"":"" |"",""labels"":[""X""]},{""start"":54,""end"":59,""text"":""Mayor"",""labels"":[""PROPN""]},{""start"":60,""end"":73,""text"":""Shelly Oberoi"",""labels"":[""PROPN""]},{""start"":74,""end"":76,""text"":""| "",""labels"":[""X""]},{""start"":76,""end"":93,""text"":""Saurabh Bharadwaj"",""labels"":[""PROPN""]},{""start"":94,""end"":95,""text"":""|"",""labels"":[""X""]},{""start"":96,""end"":99,""text"":""AAP"",""labels"":[""PROPN""]}]",Bhalaswa Landfill site ‡§™‡§∞ ‡§™‡§π‡•Å‡§Ç‡§ö‡•á CM Arvind Kejriwal | Mayor Shelly Oberoi | Saurabh Bharadwaj | AAP,2025-01-25T21:04:32.446075Z
20,1,2025-01-25T21:08:31.870231Z,100,238.302,"[{""start"":0,""end"":6,""text"":""Punjab"",""labels"":[""PROPN""]},{""start"":7,""end"":10,""text"":""‡§Æ‡•á‡§Ç"",""labels"":[""ADV""]},{""start"":11,""end"":14,""text"":""AAP"",""labels"":[""PROPN""]},{""start"":15,""end"":19,""text"":""Govt"",""labels"":[""NOUN""]},{""start"":20,""end"":22,""text"":""‡§ï‡§æ"",""labels"":[""PART""]},{""start"":23,""end"":24,""text"":""1"",""labels"":[""NUM""]},{""start"":25,""end"":28,""text"":""‡§∏‡§æ‡§≤"",""labels"":[""NOUN""]},{""start"":29,""end"":33,""text"":""‡§™‡•Ç‡§∞‡§æ"",""labels"":[""ADJ""]},{""start"":33,""end"":34,""text"":"","",""labels"":[""X""]},{""start"":35,""end"":43,""text"":""Kejriwal"",""labels"":[""PROPN""]},{""start"":44,""end"":46,""text"":""‡§®‡•á"",""labels"":[""PART""]},{""start"":47,""end"":50,""text"":""‡§ï‡§π‡§æ"",""labels"":[""VERB""]},{""start"":51,""end"":52,""text"":""5"",""labels"":[""NUM""]},{""start"":53,""end"":56,""text"":""‡§∏‡§æ‡§≤"",""labels"":[""NOUN""]},{""start"":57,""end"":60,""text"":""‡§Æ‡•á‡§Ç"",""labels"":[""ADP""]},{""start"":61,""end"":68,""text"":""‡§¨‡§®‡§æ‡§è‡§Ç‡§ó‡•á"",""labels"":[""VERB""]},{""start"":69,""end"":74,""text"":""‡§∞‡§Ç‡§ó‡§≤‡§æ"",""labels"":[""ADJ""]},{""start"":75,""end"":80,""text"":""‡§™‡§Ç‡§ú‡§æ‡§¨"",""labels"":[""PROPN""]},{""start"":81,""end"":82,""text"":""#"",""labels"":[""X""]},{""start"":82,""end"":88,""text"":""punjab"",""labels"":[""PROPN""]},{""start"":89,""end"":90,""text"":""#"",""labels"":[""X""]},{""start"":90,""end"":96,""text"":""shorts"",""labels"":[""NOUN""]}]","Punjab ‡§Æ‡•á‡§Ç AAP Govt ‡§ï‡§æ 1 ‡§∏‡§æ‡§≤ ‡§™‡•Ç‡§∞‡§æ, Kejriwal ‡§®‡•á ‡§ï‡§π‡§æ 5 ‡§∏‡§æ‡§≤ ‡§Æ‡•á‡§Ç ‡§¨‡§®‡§æ‡§è‡§Ç‡§ó‡•á ‡§∞‡§Ç‡§ó‡§≤‡§æ ‡§™‡§Ç‡§ú‡§æ‡§¨ #punjab #shorts",2025-01-25T21:08:31.870254Z
